Workbook

Sheet Instructions
A1: Screening Tracker — Full-Scale Screening
A3: CISE 699 — AI-Driven Cybersecurity Risk Management: A Systematic Review of Emerging Threats, Security Controls, and Governance Challenges
A4: Gaurav Sharma
A6: Purpose
A7: This is the research-track equivalent of a project's testing log: a single, complete record of every source your search strings returned and what happened to it. It is not a build artifact -- nothing here runs or compiles -- it is the documented evidence trail NFR1 (Reproducibility) and NFR3 (Auditability) commit this review to, and it is the same schema already used in the Smoke Test 2 pilot (screening-pilot.xlsx), now extended to full scale.
A9: How to use it
A10: Go to the 'Screening Tracker' tab. Row 2 is a worked example in light grey text -- replace it with your first real source rather than leaving it in place. Add one row per source your search returns, in the order you screen them. Category Tag and Decision are dropdown lists (click the cell, then the small arrow). Do not delete rows for excluded sources -- the whole point of the tracker is that every decision is logged, not just the ones that made the cut (Section 4.2's source-coverage benchmark: 100% of include/exclude decisions logged with a reason).
A12: Decision rule
A13: Include a source if it is substantively about AI and cybersecurity risk management -- threats, controls, or governance -- and fits one of the seven categories below. Exclude a source if it falls into one of the three boundaries already fixed in the project charter (Assignment 1, Scope Boundaries): primary data collection from real organizations, low-level algorithmic security engineering (how a specific ML defense algorithm works), or operationally actionable attack detail beyond the MITRE ATLAS categorical level. A source that is on-topic but doesn't fit cleanly into one category still gets included -- tag it with its closest primary category and note the overlap in the Reason column, the same principle FR6 already applies to governance mappings (Hard Stop 2, Section 2.7).
A15: The seven categories
A16: - AI-related threats - Privacy risks - Security risks - Human/organizational risks - Governance risks - Compliance risks - Security controls
A18: Target
... A28: This is not a software test suite and nothing here is "passing" or "failing" in a technical sense -- it is a research log. Keep the entries in plain, factual language, consistent with this project's own established style (Hard Stop 2, Section 3.1: no colour, no page numbers; APA 7th edition throughout).

Sheet Screening Tracker
A1: # | B1: Title | C1: Authors | D1: Year | E1: Database / Source | F1: Source Type | G1: Category Tag | H1: Decision | I1: Reason | J1: Date Screened
A2: 1 | B2: Intelligent dynamic cybersecurity risk management framework with explainability and interpretability of AI models for enhancing security and resilience of digital infrastructure | C2: Islam, S., Basheer, N., Papastergiou, S., Ciampi, M., & Silvestri, S. | D2: 2025 | E2: Google Scholar | F2: Journal article (J. Reliable Intelligent Environments, 11, Art. 12) | G2: Security controls | H2: Include | I2: Proposes an AI-based cybersecurity risk management framework; the explainability/interpretability angle is directly relevant to the Control Selection stage and to the AI RMF Map/Govern functions. [Corrected 2026-10-29: author initials and missing fifth author fixed after checking the publisher page.] | J2: 2026-10-25
A3: 2 | B3: How does AI transform cyber risk management? | C3: Zeijlemaker, S., Lemiesa, Y. K., Schroer, S. L., Abhishta, A., & Siegel, M. | D3: 2025 | E3: Google Scholar (verified reference, confirmed in pilot) | F3: Journal article (Systems, 13(10), Art. 835) | G3: AI-related threats | H3: Include | I3: Already a verified reference for this project; grounds the governance discussion in a real incident (Colonial Pipeline) and maps naturally to Detect/Respond controls. | J3: 2026-10-25
A4: 3 | B4: AI-integrated cyber security risk management framework for IT projects | C4: Jabbar, H., Al-Janabi, S., & Syms, F. | D4: 2024 | E4: Google Scholar | F4: Conference paper (Int. Jordanian Cybersecurity Conf. IJCC 2024, IEEE, pp. 76-81) | G4: Security controls | H4: Include | I4: AI-integrated cybersecurity risk management framework; on topic, though scoped to IT project management rather than general enterprise risk. [Corrected 2026-10-29: author initials and source type fixed; it is a conference paper, not a journal article.] | J4: 2026-10-25
A5: 4 | B5: Enhancing adaptive cybersecurity risk management through AI-driven threat detection | C5: Femi, A. G., & Medugu, M. | D5: 2025 | E5: Google Scholar | F5: Journal article (Int. J. Trendy Res. Eng. Technol., 9(2), 106-110) | G5: AI-related threats | H5: Include | I5: Focuses on AI-driven threat detection within cybersecurity risk management; relevant to the Threat Identified stage. [Corrected 2026-10-29: author initials fixed.] | J5: 2026-10-25
A6: 5 | B6: Artificial intelligence in cyber risk management: Revolutionizing threat detection and resilience | C6: Ouariach, S., Ouariach, F. Z., Meena, V., Ouaissa, M., & Ouaissa, M. | D6: 2026 | E6: Google Scholar | F6: Book chapter (River Publishers, pp. 77-102) | G6: Security controls | H6: Include | I6: Covers AI in cyber risk management broadly, including threat detection and resilience; directly on topic for the review corpus. [Corrected 2026-10-29: author names fixed (two authors were missing) and source type fixed; it is a book chapter.] | J6: 2026-10-25
A7: 6 | B7: Privacy in the Age of AI: A Taxonomy of Data Risks | C7: Billiris, G., Gill, A., & Bandara, M. | D7: 2025 | E7: arXiv preprint (Sept 2025); now published | F7: Conference paper (Lecture Notes in Networks and Systems, 2026, pp. 678-700); first screened as preprint | G7: Privacy risks | H7: Include | I7: Builds a taxonomy of 19 AI privacy risks across dataset, model, infrastructure, and insider-threat categories; finds human error as the largest contributor, directly relevant to control and governance design. [Updated 2026-10-29: a peer-reviewed version is now published, so this source no longer depends on the preprint question.] | J7: 2026-10-25
A8: 7 | B8: AI in Cybersecurity and Data Privacy: Emerging Trends and Techniques | C8: Ramya, P. | D8: 2026 | E8: Google Scholar | F8: Journal article (Shanlax Intl. J. of Management, 13(S1-Mar), 195-203) | G8: Security controls | H8: Include | I8: Covers AI threat-detection techniques and privacy-protective methods (federated learning, differential privacy) alongside AI-introduced risks; calls for governance, ethical design, and regulatory compliance. | J8: 2026-10-25
A9: 8 | B9: The Impact of Artificial Intelligence on Organisational Security Management | C9: Chodyka, M., Ciekanowski, Z., Krecikij, J., Wronka, S., Zurawski, S., & Drapikowska, B. | D9: 2026 | E9: Google Scholar | F9: Journal article (European Research Studies Journal, XXIX(2), 595-605) | G9: Human/organizational risks | H9: Include | I9: Covers shadow AI, staff policy, and governance needs for organisational security management; directly relevant to the Governance & Compliance Obligation stage. | J9: 2026-10-25
A10: 9 | B10: Artificial Intelligence in Cybersecurity: A Systematic Literature Review of AI-Driven Threat Detection and Organizational Defense | C10: Mannam, J., & Kuai, L. | D10: 2026 | E10: Google Scholar | F10: Conference paper (AMCIS 2026 TREOs, AIS eLibrary) | G10: AI-related threats | H10: Include | I10: A related systematic review of AI threat detection and organizational defense using PRISMA; useful as an additional comparison point alongside Albulayhi & Alkhalifah (2026) and Mokgathi & Ogundele (2026). | J10: 2026-10-25
A11: 10 | B11: A Systematic Mapping Study on Approaches for AI-Supported Security Risk Assessment | C11: Erdogan, G., Garcia-Ceja, E., Hugo, A., Nguyen, P. H., & Sen, S. | D11: 2021 | E11: Google Scholar | F11: Conference paper (IEEE COMPSAC 2021) | G11: Security controls | H11: Exclude | I11: Out of scope: maps technical AI risk-assessment techniques (Bayesian networks, neural networks for intrusion/malware detection) rather than threat-to-control-to-governance tracing; falls inside the project's low-level algorithmic-engineering exclusion boundary (Assignment 1, Scope Boundaries). | J11: 2026-10-25
A12: 11 | B12: Beyond the Hype - Evaluating the Business Impact of AI adoption in Cybersecurity | C12: Wolfe, C., O'Flaherty, B., Ramesh, P., Prakash, K., Zhao, T., Sun, H., Sheehan, K., & Treacy, S. | D12: 2025 | E12: Google Scholar | F12: Conference paper (Pre-ICIS SIGDSA 2025, AIS eLibrary) | G12: Human/organizational risks | H12: Exclude | I12: Excluded: primary data collection (survey and interviews) from a named real organization (Cyber-Tech); this project's charter (Assignment 1) explicitly scopes out primary data collection from real organizations. | J12: 2026-10-25
A13: 12 | B13: A five-layer framework for AI governance: integrating regulation, standards, and certification | C13: Agarwal, A., & Nene, M. J. | D13: 2025 | E13: arXiv preprint (Sept 2025); now published | F13: Journal article (Transforming Government: People, Process and Policy, 19(3), 535-555) | G13: Governance risks | H13: Exclude | I13: Borderline, re-checked in the spot-check log below: addresses AI governance broadly (fairness, certification) with only an indirect tie to cybersecurity via incident reporting; not substantively about cybersecurity risk management as this project's inclusion rule requires. [Updated 2026-10-29: now published in a journal; the Exclude decision is unaffected.] | J13: 2026-10-25
A14: =ROW()-1 | B14: Adversarial machine learning: a review of methods, tools, and critical industry sectors | C14: Pelekis, S., Koutroubas, T., Blika, A., Berdelis, A., Karakolis, E., Ntanos, C., Spiliotis, E., & Askounis, D. | D14: 2025 | E14: Springer Link (Artificial Intelligence Review) | F14: Journal article (Artif. Intell. Rev., 58(8), Art. 226) | G14: Security risks | H14: Include | I14: Borderline, re-checked in the Spot-Check Log. Reviews risks TO AI systems (evasion, poisoning, privacy leakage) in four critical sectors and links them to EU AI Act robustness and cybersecurity duties. Included because the risk taxonomy is at the categorical level; its algorithm-level defence sections will not be extracted, which keeps it inside the charter boundary that excluded Erdogan et al. (#10). | J14: 2026-10-29
A15: =ROW()-1 | B15: AI-Driven Cybersecurity Threats: A Survey of Emerging Risks and Defensive Strategies | C15: Erukude, S. T., Marella, V. C., & Veluru, S. R. | D15: 2026 | E15: arXiv (preprint, Jan 2026) | F15: Preprint / narrative survey (70+ sources) | G15: AI-related threats | H15: Include | I15: Groups AI-enabled threats (deepfakes, adversarial attacks, AI malware, AI phishing) and the controls used against them (adversarial training, EDR/XDR, human review). Names no NIST or ISO framework, so it confirms the threat-to-control link but not the governance link. Preprint: counts only if the open preprint question is answered yes. | J15: 2026-10-29
A16: =ROW()-1 | B16: Improving cybersecurity through explainable artificial intelligence: A systematic literature review | C16: Oriaro, S., & Mishra, S. | D16: 2025 | E16: Google Scholar (IACIS) | F16: Journal article (Issues in Information Systems, 26(3), 387-400) | G16: Security controls | H16: Include | I16: PRISMA review of 169 studies on explainable AI as a security control. Also reports that explanations can be abused by attackers (42 of 169 studies). No AI RMF, ISO 42001 or CSF mapping. Note for appraisal: its record counts do not reconcile (1,247 in text vs 1,641 in Table 1). | J16: 2026-10-29
A17: =ROW()-1 | B17: Robustness and Cybersecurity in the EU Artificial Intelligence Act | C17: Nolte, H., Rateike, M., & Finck, M. | D17: 2025 | E17: arXiv / ACM Digital Library | F17: Conference paper (ACM FAccT 2025) | G17: Compliance risks | H17: Include | I17: Legal analysis of EU AI Act Art. 15 (high-risk systems) and Art. 55 (general-purpose models) robustness and cybersecurity duties, and how ML research could support compliance. Directly about the compliance obligation stage. | J17: 2026-10-29
A18: =ROW()-1 | B18: Assessing High-Risk AI Systems under the EU AI Act: From Legal Requirements to Technical Verification | C18: Buscemi, A., Deckenbrunnen, T., Kabir, F., Mishchenko, K., & Mowla, N. | D18: 2025 | E18: arXiv (preprint, v3 Apr 2026) | F18: Preprint | G18: Compliance risks | H18: Include | I18: Maps 11 requirements to 48 sub-requirements and 66 verification activities, grounded in ISO/IEC 42001, with an automotive intrusion-detection case. Closest partial chain found so far (requirement to control), but starts from the law, not from threats, and covers EU AI Act only. Preprint: same open question as #6 and #14. | J18: 2026-10-29
A19: =ROW()-1 | B19: The Agentic AI Framework (AAIF): a policy-enforced architecture for accountable and high-performance intrusion detection | C19: Adabara, I., Sadiq, B. O., Shuaibu, A. N., Danjuma, Y. I., Maninti, V., & Joe, M. | D19: 2026 | E19: PubMed Central (Frontiers) | F19: Journal article (Front. Artif. Intell., 9, Art. 1755696) | G19: Governance risks | H19: Include | I19: Design-science artefact that maps policy rules to AI RMF Govern/Map/Measure/Manage and logs every decision. Uses a public dataset (CICIDS2017), not data from a real organisation, so the primary-data boundary does not apply. Its compliance scores are measured against its own rules, so they show rule-following, not effectiveness. | J19: 2026-10-29
A20: =ROW()-1 | B20: Cyber Risk Governance (CRG) in the Age of AI-Driven Open Innovation | C20: Abraham, C. | D20: 2025 | E20: Web search (California Management Review Insights) | F20: Practitioner insight / opinion piece (not peer reviewed) | G20: Governance risks | H20: Include | I20: On topic: names NIST AI RMF, ISO/IEC 42001 and FAIR-AIR and argues for board, executive and operational accountability. Included because the written rule screens for topic, not source type. Flagged as low evidential weight and raised with the supervisor alongside the preprint question (see memo, limitations). | J20: 2026-10-29
A21: =ROW()-1 | B21: AI in Cybersecurity: A Systematic Review and Conceptual Audit Model | C21: Rananga, N., & Venter, H. S. | D21: 2026 | E21: Google Scholar | F21: Journal article (J. Inf. Syst. Informatics, 8(2), 2182-2247) | G21: Compliance risks | H21: Include | I21: PRISMA review (36 studies) plus a design-science audit model. Argues that cybersecurity audit should move from periodic compliance checks to continuous risk governance. Relevant to the compliance and assurance stage; names no AI RMF, ISO 42001 or CSF clauses. | J21: 2026-10-29
A22: =ROW()-1 | B22: Artificial Intelligence in Cybersecurity: Threat Detection, Defense, and the Governance of a Dual-Use Technology | C22: Umair, M., Shaukat, J., & Bhatti, M. F. T. | D22: 2026 | E22: Google Scholar | F22: Journal article (Research Consortium Archive, 4(2), 4951-4969) | G22: AI-related threats | H22: Include | I22: Covers AI-enabled attacks, AI defences and governance, naming NIST AI RMF and the EU AI Act. Quality flag for appraisal: calls itself systematic but reports no search protocol; journal web page carries unrelated spam links; author metadata differs between page and record. | J22: 2026-10-29
A23: =ROW()-1 | B23: Artificial intelligence for cybersecurity: Literature review and future research directions | C23: Kaur, R., Gabrijelcic, D., & Klobucar, T. | D23: 2023 | E23: ScienceDirect | F23: Journal article (Information Fusion, 97, Art. 101804) | G23: Security controls | H23: Include | I23: Review of 236 primary studies that sorts AI security use cases by NIST CSF functions and categories. Useful prior example of function-level mapping, but it maps AI as a defence tool, not AI-related threats, and has no AI RMF or ISO 42001 link. Notes a gap in real-time governance risk indicators. | J23: 2026-10-29
A24: =ROW()-1 | B24: AI in Cybersecurity (2026): A Qualitative Inquiry into Adversarial Intelligence, Defensive Automation, and Governance in Emerging Digital Economies | C24: Chege, S. M., & Wainaina, M. | D24: 2026 | E24: Web search (ResearchLeap) | F24: Journal article (Int. J. Innovation & Economic Development, 12(1), 7-14) | G24: Governance risks | H24: Include | I24: Document analysis only (no participants), proposing ISO/IEC 42001 to put Kenya's Data Protection Act into practice. On topic. Serious quality flag for appraisal: leftover placeholder text, a 'Figure 1 here' marker, duplicated sections, and at least one doubtful reference. | J24: 2026-10-29
A25: =ROW()-1 | B25: Adversarial Defense in Cybersecurity: A Systematic Review of GANs for Threat Detection and Mitigation | C25: Ndayipfukamiye, T., Ding, J., Sarwatt, D. S., Philipo, A. G., & Ning, H. | D25: 2025 | E25: arXiv (preprint) | F25: Preprint / systematic review (185 studies) | G25: Security controls | H25: Exclude | I25: Out of scope: a review of how GAN-based defence models are built and trained (architectures, training problems, metrics). This is the low-level algorithmic boundary in the charter, the same reason as #10. Governance appears only as a future-work remark. | J25: 2026-10-29
... A61: =ROW()-1 | B61: Unveiling shadows: Harnessing artificial intelligence for insider threat detection | C61: Yilmaz, E., & Can, O. | D61: 2024 | E61: OpenAlex, Query D (insider threat / human factors / shadow AI / awareness + AI + cybersecurity), rank 4 | F61: Journal article (Eng. Technol. Appl. Sci. Res., 14(2), 13341-13346) | G61: Human/organizational risks | H61: Include | I61: Synthesises AI approaches to insider threat detection (behaviour analytics, NLP, LLMs, graphs) and their limits (scarce data, privacy). Kept at the approach level, so inside the boundary. | J61: 2026-10-29
A62: =ROW()-1
A63: =ROW()-1
A64: =ROW()-1
A65: =ROW()-1
A66: =ROW()-1
A67: =ROW()-1
A68: =ROW()-1
A69: =ROW()-1
A70: =ROW()-1
A71: =ROW()-1
A72: =ROW()-1
A73: =ROW()-1
... A122: =ROW()-1

Sheet Progress Summary
A1: Progress Summary
A2: All figures below recalculate automatically from the Screening Tracker tab. Nothing here is hand-entered.
A4: Metric | B4: Value
A5: Total sources logged | B5: =COUNTA('Screening Tracker'!B2:B122)
A6: Total included | B6: =COUNTIF('Screening Tracker'!H2:H122,"Include")
A7: Total excluded | B7: =COUNTIF('Screening Tracker'!H2:H122,"Exclude")
A8: Undecided / blank Decision | B8: =COUNTA('Screening Tracker'!B2:B122)-COUNTIF('Screening Tracker'!H2:H122,"Include")-COUNTIF('Screening Tracker'!H2:H122,"Exclude")
A9: Target range (Section 4.2) | B9: 40 to 80
A10: Still needed to reach 40 (min) | B10: =MAX(0,40-COUNTA('Screening Tracker'!B2:B122))
A11: Headroom to 80 (max) | B11: =MAX(0,80-COUNTA('Screening Tracker'!B2:B122))
A12: Reason column completeness | B12: =COUNTA('Screening Tracker'!I2:I122)&" of "&COUNTA('Screening Tracker'!B2:B122)&" logged sources have a reason"
A14: By Category
A15: Category | B15: Included
A16: AI-related threats | B16: =COUNTIFS('Screening Tracker'!G2:G122,A16,'Screening Tracker'!H2:H122,"Include")
A17: Privacy risks | B17: =COUNTIFS('Screening Tracker'!G2:G122,A17,'Screening Tracker'!H2:H122,"Include")
A18: Security risks | B18: =COUNTIFS('Screening Tracker'!G2:G122,A18,'Screening Tracker'!H2:H122,"Include")
A19: Human/organizational risks | B19: =COUNTIFS('Screening Tracker'!G2:G122,A19,'Screening Tracker'!H2:H122,"Include")
A20: Governance risks | B20: =COUNTIFS('Screening Tracker'!G2:G122,A20,'Screening Tracker'!H2:H122,"Include")
A21: Compliance risks | B21: =COUNTIFS('Screening Tracker'!G2:G122,A21,'Screening Tracker'!H2:H122,"Include")
A22: Security controls | B22: =COUNTIFS('Screening Tracker'!G2:G122,A22,'Screening Tracker'!H2:H122,"Include")

Sheet Spot-Check Log
A1: Tracker Row # | B1: Title (short) | C1: Original Decision | D1: Re-Check Decision | E1: Agree? (Y/N) | F1: Resolution Notes
A2: #1 | B2: Islam et al. 2025 (explainability framework) | C2: Include | D2: Include (confirmed) | E2: Y | F2: On re-read, the explainability/interpretability framing sits across both the AI RMF Map and Govern functions, not one cleanly. Decision stands as Include; the function-level mapping ambiguity is carried into the governance-mapping pilot as a documented limit rather than resolved by picking one function.
A3: #12 | B3: Agarwal & Nene 2025 (five-layer AI governance) | C3: Exclude | D3: Exclude (confirmed, after closer read) | E3: Y | F3: First pass flagged this as a possible borderline Include because it discusses incident reporting. Re-reading the summary against the inclusion rule, the paper's governance model is general (fairness, certification) and does not treat cybersecurity risk as its subject, so Exclude holds. Logged here because the first pass was genuinely uncertain, not a clear call.
A4: #13 | B4: Pelekis et al. 2025 (adversarial ML review) | C4: Include | D4: Include (confirmed, with extraction limit) | E4: Y | F4: [Re-check by Claude, 2026-10-29; not yet confirmed by me] Re-checked against the reason #10 and #24 were excluded. Difference: #10 and #24 are about how algorithms work; #13 is about what can go wrong with AI systems in named sectors and what the EU AI Act requires. Include holds, but only its risk taxonomy and regulatory sections will be extracted. Logged because it sits right on the technical boundary.
A5: #19 | B5: Abraham 2025 (CMR Insights opinion piece) | C5: Include | D5: Include (confirmed, flagged) | E5: Y | F5: [Re-check by Claude, 2026-10-29; not yet confirmed by me] Re-read the written decision rule: it screens for topic and the three charter boundaries, and says nothing about source type. Under the rule as written, Include is correct. This exposed a gap in the rule itself, so the question of whether non-peer-reviewed practitioner pieces should count is added to the open supervisor question about preprints, rather than changing the rule silently mid-screening.
A6: #40 | B6: Adrian et al. 2026 (IMF note) | C6: Include | D6: Include (confirmed, flagged) | E6: Y | F6: [Re-check by Claude, 2026-10-29; not yet confirmed by me] Same situation as #19: an institutional policy note, not peer-reviewed research. On topic under the rule as written. Kept, flagged low weight, and added to the source-type question for the supervisor.
A7: #42 | B7: Long 2026 (AI and enterprise risk management) | C7: Exclude | D7: Exclude (confirmed) | E7: Y | F7: [Re-check by Claude, 2026-10-29; not yet confirmed by me] Re-read the abstract: cybersecurity is one of three case areas (with finance and supply chain). The rule needs the source to be substantively about cybersecurity risk management, so Exclude holds. Logged because a reader could fairly argue the other way.
A8: #52 | B8: Yadati et al. 2026 (multi-layer defences) | C8: Include | D8: Include (confirmed, with extraction limit) | E8: Y | F8: [Re-check by Claude, 2026-10-29; not yet confirmed by me] Checked against #10, #24, #29 and #58, all excluded as algorithm papers. Difference: this paper reports what defences achieve against attack types and maps results to GDPR/CCPA and NIST AI RMF, rather than how a model is built. Include holds; only the effectiveness results and mappings will be extracted.
A9: #57 | B9: Ayanbode et al. 2024 (human factors in fintech) | C9: Exclude | D9: Exclude (confirmed) | E9: Y | F9: [Re-check by Claude, 2026-10-29; not yet confirmed by me] Re-read the full abstract: AI is mentioned once, as a possible detection aid that needs human oversight. Not substantive, so Exclude holds. This leaves Human/organizational risks thin, which is reported as a limitation rather than fixed by loosening the rule.
A24: Agreement rate: | B24: =COUNTIF(E2:E21,"Y")&" / "&COUNTA(E2:E21)
A25: Target: ≥ 90% (Hard Stop 2, Section 4.2)
